{
  "n_trades": 95,
  "n_wins": 45,
  "n_losses": 50,
  "n_still_open": 0,
  "hit_rate_pct": 41.05263157894737,
  "hit_rate_passes": false,
  "avg_days_to_t1": 11.256410256410257,
  "days_to_t1_passes": true,
  "avg_win_pct": 6.188238819195966,
  "avg_win_passes": true,
  "avg_loss_pct": -2.8583358488660875,
  "avg_loss_passes": true,
  "max_consecutive_losses": 7,
  "consecutive_losses_passes": true,
  "win_loss_ratio": 2.164979605755868,
  "win_loss_passes": true,
  "profit_factor": 1.9484816451802796,
  "profit_factor_passes": true,
  "sharpe_annualized": 2.812378118080598,
  "sharpe_passes": true,
  "overall_passes": false,
  "median_return_pct": -0.3818407229272237,
  "best_trade_pct": 15.250569643747857,
  "worst_trade_pct": -6.30547745937558,
  "expectancy_pct": 1.4268837307422533
}