{
  "n_trades": 18,
  "n_wins": 8,
  "n_losses": 10,
  "n_still_open": 0,
  "hit_rate_pct": 38.88888888888889,
  "hit_rate_passes": false,
  "avg_days_to_t1": 10.857142857142858,
  "days_to_t1_passes": true,
  "avg_win_pct": 5.907415249550076,
  "avg_win_passes": false,
  "avg_loss_pct": -3.1499849336302197,
  "avg_loss_passes": false,
  "max_consecutive_losses": 3,
  "consecutive_losses_passes": true,
  "win_loss_ratio": 1.875378890381561,
  "win_loss_passes": false,
  "profit_factor": 1.5003031123052486,
  "profit_factor_passes": false,
  "sharpe_annualized": 1.7111082413070924,
  "sharpe_passes": true,
  "overall_passes": false,
  "median_return_pct": -1.251754829565181,
  "best_trade_pct": 8.849744387328611,
  "worst_trade_pct": -6.086710104988561,
  "expectancy_pct": 0.8755262588943558
}