{
  "n_trades": 177,
  "n_wins": 71,
  "n_losses": 106,
  "n_still_open": 0,
  "hit_rate_pct": 33.33333333333333,
  "hit_rate_passes": false,
  "avg_days_to_t1": 12.694915254237289,
  "days_to_t1_passes": true,
  "avg_win_pct": 5.751271401253928,
  "avg_win_passes": false,
  "avg_loss_pct": -3.2231435070342846,
  "avg_loss_passes": false,
  "max_consecutive_losses": 11,
  "consecutive_losses_passes": false,
  "win_loss_ratio": 1.7843671523474463,
  "win_loss_passes": false,
  "profit_factor": 1.1951893190251761,
  "profit_factor_passes": false,
  "sharpe_annualized": 0.8348534052540053,
  "sharpe_passes": false,
  "overall_passes": false,
  "median_return_pct": -1.0263302614365293,
  "best_trade_pct": 23.808706199936644,
  "worst_trade_pct": -7.129804611461877,
  "expectancy_pct": 0.37676303809827516
}