{
  "n_trades": 11,
  "n_wins": 4,
  "n_losses": 7,
  "n_still_open": 0,
  "hit_rate_pct": 27.27272727272727,
  "hit_rate_passes": false,
  "avg_days_to_t1": 15.666666666666666,
  "days_to_t1_passes": true,
  "avg_win_pct": 5.816910000576614,
  "avg_win_passes": false,
  "avg_loss_pct": -1.9846245996269638,
  "avg_loss_passes": true,
  "max_consecutive_losses": 4,
  "consecutive_losses_passes": true,
  "win_loss_ratio": 2.9309875538527432,
  "win_loss_passes": true,
  "profit_factor": 1.6748500307729959,
  "profit_factor_passes": false,
  "sharpe_annualized": 2.662790311666534,
  "sharpe_passes": true,
  "overall_passes": false,
  "median_return_pct": -0.5546876891414159,
  "best_trade_pct": 8.271305038960307,
  "worst_trade_pct": -3.472803126696907,
  "expectancy_pct": 0.8522970731743376
}