{
  "n_trades": 129,
  "n_wins": 50,
  "n_losses": 79,
  "n_still_open": 0,
  "hit_rate_pct": 34.10852713178294,
  "hit_rate_passes": false,
  "avg_days_to_t1": 10.818181818181818,
  "days_to_t1_passes": true,
  "avg_win_pct": 6.0156473622230955,
  "avg_win_passes": true,
  "avg_loss_pct": -2.9557820029519797,
  "avg_loss_passes": true,
  "max_consecutive_losses": 9,
  "consecutive_losses_passes": false,
  "win_loss_ratio": 2.035213475220834,
  "win_loss_passes": true,
  "profit_factor": 1.288109794443565,
  "profit_factor_passes": false,
  "sharpe_annualized": 1.1203675254874488,
  "sharpe_passes": false,
  "overall_passes": false,
  "median_return_pct": -1.4666157331314658,
  "best_trade_pct": 15.250569643747857,
  "worst_trade_pct": -7.9058837890625,
  "expectancy_pct": 0.5215162006042511
}