{
  "n_trades": 207,
  "n_wins": 73,
  "n_losses": 134,
  "n_still_open": 0,
  "hit_rate_pct": 29.468599033816425,
  "hit_rate_passes": false,
  "avg_days_to_t1": 12.721311475409836,
  "days_to_t1_passes": true,
  "avg_win_pct": 5.444689764748489,
  "avg_win_passes": false,
  "avg_loss_pct": -3.264909074959398,
  "avg_loss_passes": false,
  "max_consecutive_losses": 9,
  "consecutive_losses_passes": false,
  "win_loss_ratio": 1.6676390183442393,
  "win_loss_passes": false,
  "profit_factor": 0.9084899129785782,
  "profit_factor_passes": false,
  "sharpe_annualized": -0.4482914068297156,
  "sharpe_passes": false,
  "overall_passes": false,
  "median_return_pct": -1.9396189563679247,
  "best_trade_pct": 23.808706199936644,
  "worst_trade_pct": -10.049566516520306,
  "expectancy_pct": -0.19340803486917713
}